proje_no,sehir,alan_m2,kat_sayisi,zemin_sinifi,insaat_yili,sure_ay,toplam_maliyet_TL
PRJ-001,Antalya,1279,15,B,2016,19.7,65615000
PRJ-002,İzmir,1489,7,C,2023,18.2,106670000
PRJ-003,İzmir,2421,5,B,2023,25.7,169871000
PRJ-004,Antalya,2027,13,A,2016,22.7,104686000
PRJ-005,Konya,1247,8,A,2024,17.2,96158000
PRJ-006,Mersin,988,13,A,2020,19.8,66955000
PRJ-007,Mersin,2575,4,A,2021,24.3,159228000
PRJ-008,Ankara,1091,8,A,2015,15.9,38300000
PRJ-009,Adana,968,13,A,2023,18.6,77863000
PRJ-010,İstanbul,1355,12,B,2024,19.6,123363000
PRJ-011,İstanbul,3032,11,B,2022,36.0,230035000
PRJ-012,Mersin,1764,8,B,2016,22.8,86726000
PRJ-013,Antalya,2203,13,A,2020,22.6,151018000
PRJ-014,Adana,560,7,A,2019,13.0,28807000
PRJ-015,Bursa,1402,11,B,2018,22.5,72029000
PRJ-016,Mersin,2709,9,C,2020,31.1,195792000
PRJ-017,Ankara,2773,6,A,2022,29.2,191454000
PRJ-018,Mersin,2153,4,B,2022,24.3,172304000
PRJ-019,Adana,3104,9,C,2017,30.4,213211000
PRJ-020,Bursa,1259,6,B,2024,17.1,121029000
PRJ-021,Mersin,826,9,D,2019,16.8,57696000
PRJ-022,İstanbul,548,11,D,2022,19.2,50180000
PRJ-023,İstanbul,938,13,B,2023,19.8,76478000
PRJ-024,İstanbul,2742,12,C,2018,40.3,153362000
PRJ-025,İzmir,3193,9,A,2023,29.0,227380000
PRJ-026,İstanbul,719,2,A,2015,8.8,24895000
PRJ-027,Antalya,1906,4,B,2017,18.6,86055000
PRJ-028,Bursa,726,12,B,2022,17.8,63010000
PRJ-029,Bursa,3003,10,D,2022,30.6,265175000
PRJ-030,Konya,718,13,A,2024,15.7,63935000
PRJ-031,Konya,2350,8,C,2019,25.8,131322000
PRJ-032,Konya,560,8,B,2015,14.8,27352000
PRJ-033,Konya,2662,5,A,2019,23.1,148549000
PRJ-034,Antalya,3201,2,D,2022,28.1,310856000
PRJ-035,Mersin,2641,4,C,2016,28.1,132607000
PRJ-036,Mersin,1161,11,A,2016,17.5,59287000
PRJ-037,İzmir,2994,10,D,2019,33.1,207351000
PRJ-038,Konya,1280,5,A,2019,13.7,72857000
PRJ-039,İstanbul,2712,7,A,2019,23.0,188113000
PRJ-040,Antalya,2965,11,B,2020,32.2,174685000
PRJ-041,Bursa,1853,7,D,2021,20.9,167908000
PRJ-042,Ankara,2284,7,A,2021,22.4,173299000
PRJ-043,Mersin,3037,5,D,2019,34.1,210113000
PRJ-044,Ankara,899,10,B,2024,16.8,90525000
PRJ-045,Mersin,362,14,A,2019,16.1,24410000
PRJ-046,Konya,1691,5,B,2021,17.1,106520000
PRJ-047,Adana,880,6,B,2021,17.0,62760000
PRJ-048,Adana,3129,8,B,2018,32.7,154870000
PRJ-049,Bursa,3074,4,C,2021,29.5,204751000
PRJ-050,Adana,1501,9,C,2022,18.1,117434000
PRJ-051,Ankara,1288,14,D,2019,23.2,94839000
PRJ-052,Konya,2575,10,A,2019,28.3,148493000
PRJ-053,Antalya,1751,4,C,2020,23.9,120267000
PRJ-054,Bursa,609,4,B,2019,12.6,29174000
PRJ-055,Mersin,2420,3,C,2022,27.0,223786000
PRJ-056,Antalya,2628,15,D,2018,33.6,203985000
PRJ-057,Mersin,524,6,D,2015,14.9,26846000
PRJ-058,İzmir,2785,6,A,2019,24.8,144480000
PRJ-059,Bursa,2008,14,B,2024,27.5,195819000
PRJ-060,Konya,2943,6,D,2017,26.9,176100000
PRJ-061,İstanbul,3020,5,D,2018,34.6,191691000
PRJ-062,Bursa,2458,5,B,2017,26.9,97335000
PRJ-063,Bursa,1367,7,D,2024,19.1,154430000
PRJ-064,Ankara,1486,2,B,2016,14.1,81149000
PRJ-065,Antalya,2618,10,B,2019,28.6,129024000
PRJ-066,Adana,505,7,C,2019,13.5,34938000
PRJ-067,Adana,1039,15,B,2020,16.2,76115000
PRJ-068,Ankara,1960,12,B,2017,26.9,101729000
PRJ-069,Antalya,3317,7,B,2022,30.4,286231000
PRJ-070,İzmir,2724,11,B,2023,27.4,208069000
PRJ-071,Antalya,2910,13,A,2019,35.5,174675000
PRJ-072,Ankara,910,4,A,2023,13.4,77375000
PRJ-073,İzmir,1197,4,C,2016,15.7,54541000
PRJ-074,İstanbul,1152,3,B,2018,15.0,55879000
PRJ-075,Bursa,2699,2,C,2023,22.6,225586000
PRJ-076,Adana,2016,6,C,2021,21.6,141559000
PRJ-077,Konya,975,13,A,2016,19.3,51513000
PRJ-078,Mersin,2695,12,A,2024,26.0,219213000
PRJ-079,İzmir,2342,7,A,2023,21.8,196668000
PRJ-080,Ankara,3169,8,B,2018,34.6,149987000
PRJ-081,Konya,2088,12,C,2016,30.0,115527000
PRJ-082,İstanbul,702,14,B,2020,20.2,48417000
PRJ-083,Antalya,3144,5,B,2020,29.3,143040000
PRJ-084,Antalya,889,11,C,2019,20.3,58807000
PRJ-085,Ankara,475,10,A,2022,16.2,31117000
PRJ-086,Konya,2859,10,A,2021,27.3,184176000
PRJ-087,Antalya,1742,13,C,2022,30.9,177392000
PRJ-088,Mersin,2363,12,C,2024,26.5,215756000
PRJ-089,İzmir,715,7,A,2022,13.5,45040000
PRJ-090,İzmir,2607,12,C,2016,26.6,154950000
PRJ-091,Adana,1597,2,A,2015,15.4,58258000
PRJ-092,İzmir,3490,6,B,2024,32.0,358450000
PRJ-093,Bursa,2335,5,B,2023,26.4,193539000
PRJ-094,Adana,3306,5,A,2021,25.3,189689000
PRJ-095,Ankara,2837,14,B,2017,31.2,151698000
PRJ-096,Konya,2998,8,B,2022,27.6,258931000
PRJ-097,İzmir,581,3,B,2016,10.7,27182000
PRJ-098,Konya,2787,8,A,2021,22.8,183241000
PRJ-099,Konya,2230,2,C,2018,22.4,120326000
PRJ-100,Mersin,1564,3,A,2023,13.5,112662000
PRJ-101,İzmir,1299,7,D,2021,21.4,99056000
PRJ-102,İstanbul,2352,8,A,2018,23.5,143111000
PRJ-103,İzmir,933,5,A,2022,13.0,64219000
PRJ-104,Konya,890,10,A,2022,14.8,57870000
PRJ-105,Adana,3097,8,D,2017,29.5,171456000
PRJ-106,Adana,2731,3,A,2017,27.1,127538000
PRJ-107,İzmir,2191,13,B,2018,23.2,135357000
PRJ-108,Bursa,2725,3,D,2020,32.7,188985000
PRJ-109,Konya,1332,7,D,2017,22.7,71248000
PRJ-110,İstanbul,2608,4,A,2021,21.9,162670000
PRJ-111,Ankara,958,15,B,2020,18.3,55986000
PRJ-112,Ankara,1723,5,B,2017,21.4,71383000
PRJ-113,Bursa,770,14,C,2022,24.0,74184000
PRJ-114,Mersin,1510,15,B,2015,21.8,65860000
PRJ-115,Bursa,1389,5,B,2024,16.9,126133000
PRJ-116,Bursa,1643,2,A,2022,17.9,121837000
PRJ-117,Konya,1825,2,A,2015,17.8,70186000
PRJ-118,Antalya,406,4,B,2023,13.3,32182000
PRJ-119,Bursa,1395,7,A,2018,16.6,85156000
PRJ-120,Konya,3002,4,A,2021,26.2,199608000
PRJ-121,Bursa,1686,15,B,2017,21.9,88547000
PRJ-122,Konya,2036,8,A,2018,26.3,111138000
PRJ-123,Bursa,629,13,A,2015,15.4,27411000
PRJ-124,İzmir,1540,2,D,2021,15.1,106143000
PRJ-125,Konya,3404,3,B,2020,27.8,206508000
PRJ-126,İzmir,2054,8,A,2015,21.5,79151000
PRJ-127,Antalya,364,4,C,2017,13.9,14721000
PRJ-128,Ankara,2609,4,A,2021,21.9,159456000
PRJ-129,Konya,2764,2,A,2022,22.4,176848000
PRJ-130,Bursa,1521,5,D,2020,22.6,105105000
PRJ-131,İstanbul,402,12,D,2016,21.3,18796000
PRJ-132,Ankara,2958,13,C,2021,33.5,229910000
PRJ-133,Adana,1107,9,A,2017,18.9,52034000
PRJ-134,Bursa,3243,4,B,2019,29.2,183628000
PRJ-135,Mersin,1463,8,A,2019,18.0,71503000
PRJ-136,Adana,1540,10,A,2017,20.2,78433000
PRJ-137,Bursa,2839,4,A,2023,24.0,183644000
PRJ-138,Antalya,741,7,A,2022,12.7,51183000
PRJ-139,Antalya,394,13,C,2016,19.6,23428000
PRJ-140,Ankara,2733,7,A,2019,21.6,138583000
PRJ-141,Adana,3263,8,A,2016,31.9,132102000
PRJ-142,İzmir,3478,13,D,2022,44.1,369075000
PRJ-143,Adana,711,11,B,2018,16.8,38587000
PRJ-144,İstanbul,773,4,B,2018,12.2,38526000
PRJ-145,Bursa,1384,10,A,2017,18.8,67689000
PRJ-146,Mersin,2581,14,C,2015,33.5,139257000
PRJ-147,Adana,3219,4,C,2016,31.9,115798000
PRJ-148,İzmir,2941,14,B,2020,32.8,187599000
PRJ-149,Konya,1498,10,B,2022,23.1,105731000
PRJ-150,Ankara,3246,11,A,2021,28.4,197237000
PRJ-151,Mersin,1120,6,A,2017,15.9,46309000
PRJ-152,Mersin,694,2,B,2024,9.8,53132000
PRJ-153,Bursa,1691,2,D,2021,22.0,131748000
PRJ-154,Antalya,593,11,C,2023,17.8,50352000
PRJ-155,Konya,2472,15,C,2015,30.6,123416000
PRJ-156,Antalya,3462,10,B,2015,36.4,155234000
PRJ-157,Antalya,643,7,A,2015,14.4,23008000
PRJ-158,Konya,673,12,D,2022,14.6,64363000
PRJ-159,İstanbul,871,15,A,2018,19.2,56474000
PRJ-160,Ankara,865,4,A,2017,11.1,39386000
PRJ-161,Konya,2012,3,C,2020,23.8,121707000
PRJ-162,Ankara,2140,15,C,2021,37.2,175783000
PRJ-163,Mersin,3342,2,C,2019,27.7,177232000
PRJ-164,Antalya,1728,14,B,2018,24.9,104216000
PRJ-165,Ankara,3266,4,A,2018,25.7,170764000
PRJ-166,Konya,2702,3,A,2018,23.5,117258000
PRJ-167,Adana,3036,5,D,2018,33.8,180957000
PRJ-168,Ankara,909,6,D,2019,20.1,68148000
PRJ-169,Bursa,1754,6,A,2018,17.2,82251000
PRJ-170,Antalya,3227,2,D,2020,35.9,228040000
PRJ-171,Antalya,2705,13,B,2021,27.1,181784000
PRJ-172,İzmir,995,13,B,2021,20.3,68430000
PRJ-173,Konya,3007,11,B,2015,34.0,124326000
PRJ-174,Konya,2761,14,A,2021,31.1,238778000
PRJ-175,Adana,768,15,B,2018,17.8,43761000
PRJ-176,Bursa,516,15,A,2021,15.9,35137000
PRJ-177,Antalya,1128,7,C,2024,17.5,102825000
PRJ-178,Bursa,1815,10,B,2018,22.8,99553000
PRJ-179,Ankara,791,12,D,2016,23.5,47430000
PRJ-180,Ankara,404,11,D,2021,15.4,35188000
PRJ-181,İzmir,652,13,B,2018,18.6,45563000
PRJ-182,Adana,1304,11,A,2018,20.5,70330000
PRJ-183,Antalya,1547,7,D,2021,24.1,143581000
PRJ-184,Antalya,1299,9,B,2021,20.2,95163000
PRJ-185,Konya,1731,4,A,2015,20.5,68109000
PRJ-186,Bursa,2603,15,A,2019,30.1,134795000
PRJ-187,Mersin,1093,14,D,2018,26.6,73979000
PRJ-188,Konya,1756,10,B,2020,23.8,115559000
PRJ-189,Bursa,2632,12,A,2021,32.1,177874000
PRJ-190,İstanbul,481,6,B,2015,10.3,15408000
PRJ-191,Bursa,3308,7,B,2015,33.8,148948000
PRJ-192,Mersin,3486,9,B,2019,31.3,201063000
PRJ-193,Adana,1228,5,D,2023,18.8,110038000
PRJ-194,Adana,3144,2,D,2017,27.5,164031000
PRJ-195,İzmir,1109,7,A,2016,13.0,45684000
PRJ-196,İstanbul,3233,12,A,2018,29.4,179955000
PRJ-197,Mersin,2413,5,B,2017,21.9,100747000
PRJ-198,Adana,1089,11,C,2015,21.7,46310000
PRJ-199,Antalya,498,10,C,2024,13.9,51520000
PRJ-200,Adana,1561,7,C,2021,24.1,118132000
PRJ-201,Bursa,2683,12,B,2022,29.9,208577000
PRJ-202,Antalya,1027,13,A,2023,18.4,80677000
PRJ-203,Adana,1947,15,C,2021,26.5,147566000
PRJ-204,İzmir,699,12,A,2018,15.2,37168000
PRJ-205,İzmir,1660,3,C,2015,17.1,78066000
PRJ-206,Bursa,405,6,A,2016,10.9,15059000
PRJ-207,Adana,3457,9,B,2018,32.0,219283000
PRJ-208,Konya,1911,3,D,2021,22.2,158892000
PRJ-209,Bursa,2995,7,B,2021,24.1,198444000
PRJ-210,Mersin,694,3,A,2016,11.2,29834000
PRJ-211,İzmir,837,9,B,2017,15.1,36073000
PRJ-212,İstanbul,864,4,C,2023,15.1,60732000
PRJ-213,Adana,2120,5,A,2017,24.4,82546000
PRJ-214,Konya,3054,6,A,2016,27.9,121792000
PRJ-215,İstanbul,2243,15,A,2017,25.9,110540000
PRJ-216,İzmir,1850,8,B,2018,18.4,95313000
PRJ-217,Mersin,3315,9,B,2019,26.7,200879000
PRJ-218,İstanbul,888,14,B,2019,16.4,44673000
PRJ-219,Antalya,827,2,A,2016,12.5,34106000
PRJ-220,Konya,2444,5,C,2016,23.5,98906000
PRJ-221,Konya,3034,7,A,2017,26.9,130199000
PRJ-222,Mersin,1151,14,D,2018,23.4,75650000
PRJ-223,Mersin,1134,12,D,2024,23.6,112448000
PRJ-224,Antalya,1986,11,B,2017,27.9,88832000
PRJ-225,Antalya,2790,7,B,2018,25.0,134477000
PRJ-226,Ankara,1205,13,D,2022,23.8,115027000
PRJ-227,Bursa,2937,4,A,2018,22.5,149435000
PRJ-228,Antalya,1952,7,C,2024,25.7,199198000
PRJ-229,İstanbul,2556,6,A,2019,21.1,123957000
PRJ-230,Adana,2311,2,C,2018,20.2,114253000
PRJ-231,Konya,1838,3,B,2022,16.3,119387000
PRJ-232,Mersin,2016,13,B,2022,22.2,172347000
PRJ-233,İzmir,3484,15,D,2021,43.6,249348000
PRJ-234,Mersin,1566,5,A,2016,21.9,72177000
PRJ-235,İzmir,3324,3,C,2017,26.8,158057000
PRJ-236,Ankara,2831,3,B,2020,27.1,157111000
PRJ-237,Mersin,883,2,B,2018,13.0,45607000
PRJ-238,Bursa,3095,13,B,2019,28.6,215707000
PRJ-239,Mersin,1526,2,A,2017,15.1,67599000
PRJ-240,Mersin,874,11,A,2017,16.5,46798000
PRJ-241,Antalya,1109,13,C,2019,20.5,76308000
PRJ-242,Adana,736,4,A,2023,14.7,61098000
PRJ-243,Mersin,1386,5,C,2018,15.2,87334000
PRJ-244,İzmir,662,5,D,2022,16.0,56349000
PRJ-245,Bursa,2041,12,D,2024,30.7,261781000
PRJ-246,Mersin,3435,15,D,2016,38.9,203969000
PRJ-247,Antalya,3386,12,C,2024,36.3,352315000
PRJ-248,Konya,3314,5,A,2017,29.5,134492000
PRJ-249,Adana,1080,12,D,2015,23.4,54145000
PRJ-250,İzmir,1038,11,A,2023,18.6,90892000
PRJ-251,Ankara,2470,7,D,2015,31.3,103735000
PRJ-252,Ankara,3404,3,D,2024,26.2,359962000
PRJ-253,Ankara,2944,6,C,2017,33.6,158805000
PRJ-254,Ankara,965,13,B,2021,24.1,74438000
PRJ-255,Antalya,2657,9,A,2017,28.2,97733000
PRJ-256,İstanbul,1921,3,B,2023,21.4,148252000
PRJ-257,Adana,1715,14,A,2022,20.0,141378000
PRJ-258,Ankara,1892,9,A,2024,21.2,150784000
PRJ-259,Bursa,2046,6,A,2022,19.0,143976000
PRJ-260,İstanbul,3228,2,C,2022,26.9,186461000
PRJ-261,İstanbul,2835,10,D,2024,37.1,330589000
PRJ-262,Antalya,429,9,A,2021,12.3,26688000
PRJ-263,Mersin,2741,4,A,2017,23.1,131347000
PRJ-264,Konya,1309,13,A,2017,16.5,53060000
PRJ-265,Antalya,1381,9,A,2021,18.3,98375000
PRJ-266,İstanbul,2220,3,A,2018,20.2,102660000
PRJ-267,Ankara,3450,4,B,2022,27.0,270578000
PRJ-268,İstanbul,512,5,B,2021,11.4,31369000
PRJ-269,Adana,1944,12,B,2015,29.5,80594000
PRJ-270,Antalya,1057,12,A,2024,16.2,116073000
PRJ-271,Ankara,3224,13,C,2024,31.7,308844000
PRJ-272,Bursa,1788,10,A,2018,19.7,86619000
PRJ-273,Ankara,3037,14,B,2017,36.3,158984000
PRJ-274,Antalya,3119,6,B,2018,34.2,148022000
PRJ-275,Ankara,620,10,D,2023,19.1,69555000
PRJ-276,Konya,2735,10,A,2015,24.8,129073000
PRJ-277,Antalya,2830,7,C,2016,27.9,127536000
PRJ-278,Konya,2953,8,B,2021,31.4,171872000
PRJ-279,Antalya,3461,11,D,2019,35.3,278190000
PRJ-280,Antalya,2736,14,B,2019,35.1,194406000
PRJ-281,Mersin,2968,14,B,2024,36.5,316106000
PRJ-282,İzmir,2565,6,D,2022,29.4,249463000
PRJ-283,Konya,1245,12,C,2016,23.7,58862000
PRJ-284,Konya,3019,12,A,2017,31.6,145642000
PRJ-285,Mersin,2541,15,A,2017,32.8,111522000
PRJ-286,Bursa,2481,10,D,2021,28.1,179656000
PRJ-287,Antalya,3415,4,A,2019,30.4,196389000
PRJ-288,Antalya,2654,12,B,2021,27.9,183479000
PRJ-289,İstanbul,1384,4,D,2017,18.2,93639000
PRJ-290,Bursa,1265,7,A,2019,17.1,69572000
PRJ-291,İzmir,1349,8,A,2018,17.5,64096000
PRJ-292,Antalya,836,12,A,2016,15.5,40637000
PRJ-293,Adana,559,4,A,2017,9.5,29078000
PRJ-294,Adana,2721,11,B,2019,26.1,175723000
PRJ-295,Ankara,2807,4,B,2021,28.9,164133000
PRJ-296,Bursa,830,7,B,2022,18.3,65118000
PRJ-297,Ankara,1561,3,A,2022,17.4,118726000
PRJ-298,Konya,3243,2,C,2016,32.0,139319000
PRJ-299,Konya,2979,6,C,2020,27.9,185535000
PRJ-300,Antalya,2209,15,B,2015,27.9,111641000
PRJ-301,İzmir,3409,9,A,2016,30.7,149677000
PRJ-302,İstanbul,1354,11,B,2019,18.5,74194000
PRJ-303,Mersin,3001,5,C,2021,26.1,209501000
PRJ-304,Mersin,3298,4,B,2017,28.4,143793000
PRJ-305,İzmir,2197,14,D,2016,31.1,130527000
PRJ-306,İzmir,796,12,B,2023,16.1,70859000
PRJ-307,İstanbul,1241,8,B,2020,19.0,89303000
PRJ-308,İzmir,1946,5,A,2023,19.0,156245000
PRJ-309,Ankara,1194,14,B,2015,23.8,45646000
PRJ-310,İzmir,593,8,C,2024,15.6,60423000
PRJ-311,Antalya,845,2,C,2023,13.0,76063000
PRJ-312,Antalya,3390,14,A,2023,32.9,299106000
PRJ-313,İstanbul,1523,7,D,2016,22.3,88521000
PRJ-314,İstanbul,2141,8,C,2021,23.7,152972000
PRJ-315,Konya,1704,7,B,2020,19.7,98180000
PRJ-316,Bursa,2872,6,B,2016,28.8,139673000
PRJ-317,İzmir,623,10,C,2024,18.2,55958000
PRJ-318,Ankara,1202,6,A,2023,18.0,71640000
PRJ-319,Ankara,2170,9,C,2023,21.8,217783000
PRJ-320,Adana,2866,3,C,2022,25.8,204407000
PRJ-321,Bursa,1777,13,B,2016,23.4,84030000
PRJ-322,Ankara,2549,5,D,2022,28.9,188513000
PRJ-323,İstanbul,2863,10,B,2019,27.7,150980000
PRJ-324,Antalya,2360,5,B,2021,22.0,140913000
PRJ-325,Mersin,2922,4,A,2020,26.3,160781000
PRJ-326,Mersin,3342,4,D,2023,33.8,320244000
PRJ-327,Konya,998,11,B,2020,16.5,51601000
PRJ-328,Adana,1687,2,C,2017,21.3,89344000
PRJ-329,İzmir,1023,13,B,2021,22.0,67706000
PRJ-330,Konya,1628,8,D,2021,22.7,119520000
PRJ-331,Antalya,307,8,D,2017,16.3,19084000
PRJ-332,Bursa,2515,5,A,2020,21.1,144509000
PRJ-333,Ankara,1054,6,D,2021,20.9,71344000
PRJ-334,Konya,2973,12,B,2018,30.2,201525000
PRJ-335,Bursa,2601,14,A,2016,25.9,109733000
PRJ-336,İzmir,1372,14,B,2018,21.8,82505000
PRJ-337,Bursa,1752,10,A,2023,19.6,143320000
PRJ-338,İstanbul,2443,5,B,2016,24.1,122334000
PRJ-339,Ankara,1634,3,A,2018,17.0,73869000
PRJ-340,Antalya,969,10,B,2019,18.0,64847000
PRJ-341,Mersin,438,9,B,2022,13.4,31509000
PRJ-342,Bursa,2065,9,B,2018,15.1,126426000
PRJ-343,Ankara,2003,9,C,2024,25.4,183575000
PRJ-344,İzmir,2762,3,D,2019,23.1,171791000
PRJ-345,Bursa,715,7,B,2019,15.0,49685000
PRJ-346,İzmir,509,3,B,2023,12.4,40950000
PRJ-347,Adana,2656,13,A,2019,28.7,158530000
PRJ-348,Ankara,2629,14,B,2021,28.8,244591000
PRJ-349,İzmir,2856,13,D,2018,35.3,200355000
PRJ-350,Adana,349,8,A,2021,12.2,21072000
PRJ-351,İzmir,2398,13,D,2020,31.0,207069000
PRJ-352,Bursa,3367,13,C,2024,34.2,310171000
PRJ-353,Adana,2744,6,A,2018,22.3,150865000
PRJ-354,Mersin,1800,2,C,2017,21.8,99352000
PRJ-355,İzmir,1821,13,A,2016,23.2,78261000
PRJ-356,Mersin,1609,10,D,2020,27.8,116735000
PRJ-357,Antalya,476,8,A,2020,12.7,29216000
PRJ-358,İzmir,2606,14,A,2015,28.4,110520000
PRJ-359,Mersin,2022,15,C,2015,28.6,89950000
PRJ-360,Adana,1975,14,B,2018,27.4,122484000
PRJ-361,Antalya,3284,2,A,2015,27.4,94215000
PRJ-362,Antalya,2639,2,B,2024,23.6,211519000
PRJ-363,İzmir,3370,8,A,2022,27.2,231736000
PRJ-364,Mersin,571,9,B,2015,13.8,23608000
PRJ-365,İzmir,3346,5,C,2022,36.3,272789000
PRJ-366,Antalya,2101,7,D,2022,25.9,162873000
PRJ-367,Antalya,1587,9,A,2022,19.2,122029000
PRJ-368,Konya,2086,12,B,2023,29.4,180370000
PRJ-369,Mersin,417,12,D,2022,20.5,36795000
PRJ-370,Antalya,3283,3,B,2020,28.9,170664000
PRJ-371,İstanbul,2316,7,C,2022,24.9,166023000
PRJ-372,Adana,426,5,A,2022,13.7,30356000
PRJ-373,Ankara,3224,6,D,2020,35.1,213755000
PRJ-374,Adana,1749,13,B,2019,25.6,111197000
PRJ-375,Bursa,680,8,D,2020,17.3,56711000
PRJ-376,Adana,2320,8,C,2018,22.8,149428000
PRJ-377,İstanbul,520,15,D,2019,18.4,45477000
PRJ-378,İstanbul,2062,8,A,2020,22.7,120683000
PRJ-379,İzmir,2736,12,C,2022,32.9,211770000
PRJ-380,Ankara,537,15,A,2016,16.8,27657000
PRJ-381,Antalya,2831,15,A,2019,26.5,176641000
PRJ-382,Ankara,2198,6,B,2018,19.5,129254000
PRJ-383,Antalya,1337,7,B,2016,17.7,60374000
PRJ-384,Konya,1011,2,C,2018,12.4,60769000
PRJ-385,Ankara,336,12,D,2018,19.6,24365000
PRJ-386,Adana,925,7,A,2024,16.7,83265000
PRJ-387,İstanbul,1210,2,A,2018,17.7,59334000
PRJ-388,Konya,3112,4,B,2018,29.4,166347000
PRJ-389,Adana,1944,4,C,2018,20.4,109914000
PRJ-390,Ankara,933,3,B,2017,12.4,44361000
PRJ-391,Adana,2678,2,B,2024,15.3,246572000
PRJ-392,İzmir,1754,9,C,2024,22.2,165122000
PRJ-393,Adana,2973,5,C,2018,28.3,195505000
PRJ-394,Adana,2701,15,A,2016,32.1,124887000
PRJ-395,Bursa,3287,10,A,2015,31.6,145339000
PRJ-396,İstanbul,2564,10,B,2024,28.9,237667000
PRJ-397,Konya,647,9,D,2023,18.4,62437000
PRJ-398,Antalya,2071,11,B,2023,26.6,216629000
PRJ-399,Mersin,1659,12,A,2020,25.0,102160000
PRJ-400,Konya,2883,6,B,2021,24.0,172162000
PRJ-401,İzmir,792,10,B,2022,16.1,57901000
PRJ-402,Mersin,1791,9,B,2019,19.1,104052000
PRJ-403,Bursa,2942,11,B,2023,35.0,310881000
PRJ-404,İzmir,2285,12,D,2016,35.4,131238000
PRJ-405,Ankara,421,12,B,2019,17.0,28716000
PRJ-406,Konya,2921,10,B,2016,25.9,123388000
PRJ-407,Ankara,1474,2,B,2022,16.5,107602000
PRJ-408,Ankara,2470,13,D,2016,32.5,150208000
PRJ-409,Mersin,2391,15,C,2020,31.6,214070000
PRJ-410,Konya,2354,9,B,2018,25.0,120557000
PRJ-411,Bursa,1635,8,C,2024,23.4,169742000
PRJ-412,Adana,1600,4,B,2019,17.4,92370000
PRJ-413,Ankara,622,8,D,2016,18.6,29827000
PRJ-414,Mersin,2087,10,A,2024,23.7,182088000
PRJ-415,Bursa,1231,12,A,2020,18.9,76163000
PRJ-416,Antalya,1567,8,C,2020,21.5,83415000
PRJ-417,Antalya,835,4,A,2021,12.3,55064000
PRJ-418,Mersin,2682,4,C,2024,28.5,261951000
PRJ-419,Adana,3254,9,B,2015,29.9,132243000
PRJ-420,Adana,1517,10,B,2022,21.7,103445000
PRJ-421,Konya,1656,14,A,2019,22.0,113647000
PRJ-422,İstanbul,1793,13,C,2016,22.4,96503000
PRJ-423,Mersin,530,10,A,2024,15.8,51042000
PRJ-424,İstanbul,2718,3,D,2020,25.2,218160000
PRJ-425,Ankara,3119,13,D,2024,40.4,335712000
PRJ-426,Adana,1912,9,B,2016,23.8,95780000
PRJ-427,İstanbul,497,13,A,2021,13.3,34021000
PRJ-428,İzmir,1382,12,D,2015,22.8,70899000
PRJ-429,Ankara,804,6,B,2024,13.8,70671000
PRJ-430,Mersin,2946,7,A,2024,24.1,247425000
PRJ-431,İstanbul,2861,7,B,2023,24.1,262188000
PRJ-432,İstanbul,1519,5,A,2018,18.5,74930000
PRJ-433,İzmir,1504,12,B,2021,21.7,109752000
PRJ-434,Mersin,3003,7,C,2016,31.4,141557000
PRJ-435,Bursa,584,11,D,2023,18.1,61334000
PRJ-436,Mersin,2813,9,C,2016,31.2,127539000
PRJ-437,İstanbul,3380,7,A,2022,26.5,226952000
PRJ-438,Ankara,1731,11,B,2021,22.9,125996000
PRJ-439,Mersin,2714,4,B,2017,26.1,120760000
PRJ-440,Mersin,2581,9,D,2019,31.5,178769000
PRJ-441,Mersin,3169,4,A,2019,24.6,155823000
PRJ-442,Antalya,410,3,B,2015,9.4,19261000
PRJ-443,Bursa,2558,13,D,2015,34.5,151510000
PRJ-444,Ankara,1547,13,B,2022,23.8,132254000
PRJ-445,Konya,3050,11,A,2021,28.2,207452000
PRJ-446,Konya,3053,14,B,2017,30.0,200377000
PRJ-447,Bursa,1216,10,B,2019,20.4,76312000
PRJ-448,İzmir,2155,3,D,2022,30.4,178541000
PRJ-449,İstanbul,1880,7,A,2021,19.7,125637000
PRJ-450,Konya,2085,5,A,2019,21.0,114124000
PRJ-451,Mersin,2963,12,A,2023,30.2,278222000
PRJ-452,Adana,2427,4,C,2020,18.4,159019000
PRJ-453,Bursa,2721,10,A,2015,26.9,132512000
PRJ-454,İzmir,2469,13,D,2019,31.0,166139000
PRJ-455,Adana,1100,4,D,2017,20.2,64814000
PRJ-456,İzmir,2168,14,D,2021,31.1,173195000
PRJ-457,Antalya,1513,11,A,2016,18.9,79464000
PRJ-458,Mersin,1646,2,A,2024,15.9,124616000
PRJ-459,İzmir,657,9,B,2021,15.7,46563000
PRJ-460,Mersin,887,6,D,2022,16.7,84470000
PRJ-461,İstanbul,1399,11,C,2019,22.5,104226000
PRJ-462,İstanbul,1236,4,A,2015,13.0,40757000
PRJ-463,Adana,2337,8,C,2019,26.1,143565000
PRJ-464,İzmir,1237,8,D,2019,23.1,73625000
PRJ-465,İstanbul,1093,8,D,2019,24.4,76638000
PRJ-466,Mersin,1678,14,C,2017,28.1,96111000
PRJ-467,Bursa,2119,15,D,2017,33.1,130219000
PRJ-468,Antalya,3497,2,C,2016,33.8,147209000
PRJ-469,Ankara,1933,13,B,2019,27.9,117399000
PRJ-470,Ankara,1428,4,A,2016,18.8,53437000
PRJ-471,İstanbul,1329,4,C,2021,19.7,100125000
PRJ-472,Adana,1732,8,A,2017,19.8,92894000
PRJ-473,Bursa,3266,15,B,2019,35.2,170665000
PRJ-474,İzmir,1489,9,D,2024,24.3,158724000
PRJ-475,İzmir,1089,10,B,2020,19.2,69145000
PRJ-476,Ankara,2161,12,B,2022,26.6,183167000
PRJ-477,Ankara,2775,8,D,2021,29.5,206339000
PRJ-478,Konya,3334,8,A,2023,22.8,256600000
PRJ-479,İzmir,1199,11,D,2015,21.6,54758000
PRJ-480,Antalya,3145,3,D,2021,24.8,257943000
PRJ-481,Antalya,3038,14,B,2017,32.6,165184000
PRJ-482,Bursa,1507,6,B,2018,18.7,78379000
PRJ-483,Ankara,1372,10,A,2024,15.9,124378000
PRJ-484,İstanbul,1154,15,D,2018,27.4,78120000
PRJ-485,Antalya,1315,12,A,2020,21.6,70578000
PRJ-486,Bursa,3130,12,A,2019,30.3,193344000
PRJ-487,Antalya,1294,13,D,2016,29.4,75866000
PRJ-488,İzmir,1880,3,B,2017,22.8,86067000
PRJ-489,Konya,3292,8,C,2016,28.8,177692000
PRJ-490,Adana,2494,13,C,2019,34.0,189964000
PRJ-491,Konya,718,5,A,2015,13.3,24064000
PRJ-492,Bursa,534,6,A,2022,12.8,34332000
PRJ-493,Mersin,1015,14,B,2020,22.4,81718000
PRJ-494,Ankara,3073,12,A,2015,27.5,144922000
PRJ-495,Ankara,1026,5,B,2024,14.4,83087000
PRJ-496,İzmir,1301,2,C,2017,15.0,56515000
PRJ-497,İzmir,2028,8,C,2018,22.8,110846000
PRJ-498,Mersin,1882,14,B,2019,25.4,114386000
PRJ-499,Konya,541,9,A,2020,11.9,27829000
PRJ-500,Bursa,933,4,A,2021,12.0,58233000
